"repo_name","proposed_figma_name","status","confidence","notes"
"accessible-trails","accessible-trails","exact_name_match","high",""
"airplane-tilt","airplane-tilt","exact_name_match","high",""
"alert","bell-ringing","renamed_high_confidence","high",""
"ambulance","ambulance","exact_name_match","high",""
"arrow","arrow-right","renamed_high_confidence","high",""
"arrow-bent","","repo_only_unmapped","low",""
"arrow-counter-clockwise","arrow-counter-clockwise","exact_name_match","high",""
"arrow-down","arrow-down","exact_name_match","high",""
"arrow-elbow-right-down","arrow-elbow-right-down","exact_name_match","high",""
"arrow-left","arrow-left","exact_name_match","high",""
"arrow-right","arrow-right","exact_name_match","high",""
"arrow-up","arrow-up","exact_name_match","high",""
"arrows-in-simple","arrows-in-simple","exact_name_match","high",""
"audio-description","audio-description","exact_name_match","high",""
"baby","baby","exact_name_match","high",""
"baby-carriage","baby-carriage","exact_name_match","high",""
"backpack","backpack","exact_name_match","high",""
"barn","barn","exact_name_match","high",""
"barricade","barricade","exact_name_match","high",""
"baseball","baseball","exact_name_match","high",""
"basket","basket","exact_name_match","high",""
"basketball","basketball","exact_name_match","high",""
"bg-checklist","list-checks","renamed_high_confidence","high",""
"binoculars","binoculars","exact_name_match","high",""
"bird","bird","exact_name_match","high",""
"blog","rss-simple","renamed_high_confidence","high",""
"bluesky-logo","bluesky-logo","exact_name_match","high",""
"boat","boat","exact_name_match","high",""
"book-open-text","book-open-text","exact_name_match","high",""
"bookmark-simple","bookmark-simple","exact_name_match","high",""
"books","books","exact_name_match","high",""
"boot","boot","exact_name_match","high",""
"bridge","bridge","exact_name_match","high",""
"bug","bug","exact_name_match","high",""
"building","building","exact_name_match","high",""
"building-apartment","building-apartment","exact_name_match","high",""
"bulldozer","bulldozer","exact_name_match","high",""
"bus","bus","exact_name_match","high",""
"calendar","calendar","exact_name_match","high",""
"camera","camera","exact_name_match","high",""
"camera-plus","camera-plus","exact_name_match","high",""
"campfire","campfire","exact_name_match","high",""
"car","car","exact_name_match","high",""
"caret-circle-right","caret-circle-right","exact_name_match","high",""
"caret-down","caret-down","exact_name_match","high",""
"caret-left","caret-left","exact_name_match","high",""
"caret-right","caret-right","exact_name_match","high",""
"caret-up","caret-up","exact_name_match","high",""
"caret-up-down","caret-up-down","exact_name_match","high",""
"carrot","carrot","exact_name_match","high",""
"cash","money","renamed_high_confidence","high",""
"castle","castle-turret","renamed_high_confidence","high",""
"catalog","catalog","exact_name_match","high",""
"certificate","certificate","exact_name_match","high",""
"chart","chart-line-up","renamed_high_confidence","high",""
"chat","chat-circle","renamed_high_confidence","high",""
"check","check","exact_name_match","high_with_collision","Multiple Figma components normalize to this name: Check, Check"
"checkmark","check","renamed_needs_review","medium",""
"clipboard-text","clipboard-text","exact_name_match","high",""
"close","x","renamed_high_confidence","high",""
"closed-captioning","closed-captioning","exact_name_match","high",""
"contrast-eye","contrast-eye","exact_name_match","high",""
"copy","copy","exact_name_match","high",""
"cow","cow","exact_name_match","high",""
"credit","credit-card","renamed_high_confidence","high",""
"data","database","renamed_high_confidence","high",""
"date-picker","calendar-blank","renamed_high_confidence","high",""
"demographics","users-three","renamed_needs_review","medium",""
"detective","detective","exact_name_match","high",""
"dna","dna","exact_name_match","high",""
"doc-docx","file-doc","renamed_high_confidence","high",""
"doc-generic","file","renamed_high_confidence","high",""
"doc-pdf","file-pdf","renamed_high_confidence","high",""
"doc-xlsx","file-xls","renamed_high_confidence","high",""
"dog","dog","exact_name_match","high",""
"dots-three","dots-three","exact_name_match","high",""
"dots-three-vertical","dots-three-vertical","exact_name_match","high",""
"download","download-simple","renamed_high_confidence","high",""
"ear","ear","exact_name_match","high",""
"ear-slash","ear-slash","exact_name_match","high",""
"elevator","elevator","exact_name_match","high",""
"escalator-down","escalator-down","exact_name_match","high",""
"escalator-up","escalator-up","exact_name_match","high",""
"expand","arrows-out","renamed_high_confidence","high",""
"export","export","exact_name_match","high",""
"external-link","arrow-square-out","renamed_high_confidence","high",""
"eye","eye","exact_name_match","high",""
"eye-slash","eye-slash","exact_name_match","high",""
"facebook-logo","facebook-logo","exact_name_match","high",""
"farm","farm","exact_name_match","high",""
"fax","fax-icon","renamed_high_confidence","high",""
"file","file","exact_name_match","high",""
"file-image","file-image","exact_name_match","high",""
"file-jpg","file-jpg","exact_name_match","high",""
"file-png","file-png","exact_name_match","high",""
"file-svg","file-svg","exact_name_match","high",""
"file-video","file-video","exact_name_match","high",""
"file-zip","file-zip","exact_name_match","high",""
"fingerprint","fingerprint","exact_name_match","high",""
"fire-truck","fire-truck","exact_name_match","high",""
"first-aid","first-aid","exact_name_match","high",""
"first-aid-kit","first-aid-kit","exact_name_match","high",""
"fish","fish","exact_name_match","high",""
"flickr-logo","flickr-logo","exact_name_match","high",""
"folder-minus","folder-minus","exact_name_match","high",""
"folder-simple-plus","folder-simple-plus","exact_name_match","high",""
"form","note-pencil","renamed_high_confidence","high",""
"gas-pump","gas-pump","exact_name_match","high",""
"gauge","gauge","exact_name_match","high",""
"gavel","gavel","exact_name_match","high",""
"github-logo","github-logo","exact_name_match","high",""
"globe","globe","exact_name_match","high",""
"globe-simple-x","globe-simple-x","exact_name_match","high",""
"golf","golf","exact_name_match","high",""
"gps","gps","exact_name_match","high",""
"gps-slash","gps-slash","exact_name_match","high",""
"graduation-cap","graduation-cap","exact_name_match","high",""
"hand-tap","hand-tap","exact_name_match","high",""
"hard-hat","hard-hat","exact_name_match","high",""
"home","house-line","renamed_high_confidence","high",""
"horse","horse","exact_name_match","high",""
"hospital","hospital","exact_name_match","high",""
"house","house","exact_name_match","high",""
"identification-card","identification-card","exact_name_match","high",""
"image-broken","image-broken","exact_name_match","high",""
"images","images","exact_name_match","high",""
"info","info","exact_name_match","high",""
"input-error","warning-circle","renamed_high_confidence","high",""
"input-success","check-circle","renamed_high_confidence","high",""
"instagram-logo","instagram-logo","exact_name_match","high",""
"laptop","laptop","exact_name_match","high",""
"letter-circle-p","letter-circle-p","exact_name_match","high",""
"lighthouse","lighthouse","exact_name_match","high",""
"line-vertical","line-vertical","exact_name_match","high",""
"link","link","exact_name_match","high",""
"link-break","link-break","exact_name_match","high",""
"linkedin-logo","linked-in-logo","renamed_high_confidence","high",""
"list","list","exact_name_match","high",""
"list-bullets","list-bullets","exact_name_match","high",""
"list-plus","list-plus","exact_name_match","high",""
"lock","lock-simple","renamed_high_confidence","high",""
"log","log","exact_name_match","high",""
"login","signin","renamed_high_confidence","high",""
"magnifying-glass-minus","magnifying-glass-minus","exact_name_match","high",""
"mail","envelope","renamed_high_confidence","high",""
"map","map-trifold","renamed_high_confidence","high",""
"map-pin-area","map-pin-area","exact_name_match","high",""
"marker","map-pin","renamed_high_confidence","high",""
"medal","medal","exact_name_match","high",""
"medium-logo","medium-logo","exact_name_match","high",""
"message","chat-circle-dots","renamed_high_confidence","high",""
"microphone","microphone","exact_name_match","high",""
"microscope","microscope","exact_name_match","high",""
"minus","minus","exact_name_match","high",""
"moped","moped","exact_name_match","high",""
"mosquito","mosquito","exact_name_match","high",""
"motorcycle","motorcycle","exact_name_match","high",""
"mountains","mountains","exact_name_match","high",""
"neurodivergence","neurodivergence","exact_name_match","high",""
"open-now","open-now","exact_name_match","high",""
"p-rescription","prescription","renamed_high_confidence","high",""
"paperclip","paperclip","exact_name_match","high",""
"park","park","exact_name_match","high",""
"password","key","renamed_high_confidence","high",""
"paw-print","paw-print","exact_name_match","high",""
"pencil-ruler","pencil-ruler","exact_name_match","high",""
"person-simple-bike","person-simple-bike","exact_name_match","high",""
"person-simple-circle","person-simple-circle","exact_name_match","high",""
"person-simple-hike","person-simple-hike","exact_name_match","high",""
"person-simple-ski","person-simple-ski","exact_name_match","high",""
"person-simple-swim","person-simple-swim","exact_name_match","high",""
"phone","phone-call","renamed_high_confidence","high",""
"picnic-table","picnic-table","exact_name_match","high",""
"pin","push-pin","renamed_high_confidence","high",""
"play","play","exact_name_match","high",""
"plus","plus","exact_name_match","high",""
"plus-circle","plus-circle","exact_name_match","high",""
"police-car","police-car","exact_name_match","high",""
"presentation-chart","presentation-chart","exact_name_match","high",""
"profile","user","renamed_high_confidence","high",""
"public-transportation","public-transportation","exact_name_match","high",""
"question","question","exact_name_match","high",""
"quote","quotes","renamed_high_confidence","high",""
"report","report","exact_name_match","high",""
"restore","arrows-counter-clockwise","renamed_high_confidence","high",""
"sailboat","sailboat","exact_name_match","high",""
"scales","scales","exact_name_match","high",""
"school-bus","school-bus","exact_name_match","high",""
"scooter","scooter","exact_name_match","high",""
"screencast","screencast","exact_name_match","high",""
"scroll","scroll","exact_name_match","high",""
"search","magnifying-glass","renamed_high_confidence","high",""
"settings","gear","renamed_high_confidence","high",""
"share","share","exact_name_match","high",""
"share-fat","share-fat","exact_name_match","high",""
"shield-check","shield-check","exact_name_match","high",""
"shield-star","shield-star","exact_name_match","high",""
"shopping-cart","shopping-cart","exact_name_match","high",""
"sign-language","sign-language","exact_name_match","high",""
"signature","signature","exact_name_match","high",""
"slack-logo","slack-logo","exact_name_match","high",""
"sliders","sliders","exact_name_match","high",""
"sliders-horizontal","sliders-horizontal","exact_name_match","high",""
"snow-plow","snow-plow","exact_name_match","high",""
"stack","stack","exact_name_match","high",""
"stack-minus","stack-minus","exact_name_match","high",""
"stack-plus","stack-plus","exact_name_match","high",""
"stairs","stairs","exact_name_match","high",""
"star","star","exact_name_match","high",""
"student","student","exact_name_match","high",""
"subway","subway","exact_name_match","high",""
"swimming-pool","swimming-pool","exact_name_match","high",""
"syringe","syringe","exact_name_match","high",""
"taxi","taxi","exact_name_match","high",""
"tent","tent","exact_name_match","high",""
"test-tube","test-tube","exact_name_match","high",""
"threads-logo","threads-logo","exact_name_match","high",""
"thumbs-down","thumbs-down","exact_name_match","high",""
"thumbs-up","thumbs-up","exact_name_match","high",""
"traffic-cone","traffic-cone","exact_name_match","high",""
"traffic-signal","traffic-signal","exact_name_match","high",""
"train","train","exact_name_match","high",""
"train-regional","train-regional","exact_name_match","high",""
"transit","transit","exact_name_match","high",""
"trash","trash","exact_name_match","high",""
"tree","tree","exact_name_match","high",""
"tree-evergreen","tree-evergreen","exact_name_match","high",""
"truck","truck","exact_name_match","high",""
"truck-trailer","truck-trailer","exact_name_match","high",""
"unlock","lock-simple-open","renamed_high_confidence","high",""
"upload-simple","upload-simple","exact_name_match","high",""
"user-gear","user-gear","exact_name_match","high",""
"user-plus","user-plus","exact_name_match","high",""
"van","van","exact_name_match","high",""
"video","video","exact_name_match","high",""
"vimeo-logo","vimeo-logo","exact_name_match","high",""
"virus","virus","exact_name_match","high",""
"wait-time","clock-counter-clockwise","renamed_needs_review","medium",""
"warning","warning","exact_name_match","high",""
"waves","waves","exact_name_match","high",""
"wheelchair","wheelchair-motion","renamed_high_confidence","high",""
"wifi","wifi-medium","renamed_high_confidence","high",""
"wrench","wrench","exact_name_match","high",""
"x-logo","x-logo","exact_name_match","high",""
"youtube-logo","youtube-logo","exact_name_match","high",""
"zoomin","magnifying-glass-plus","renamed_high_confidence","high",""
"","arrow-elbow-down-right","figma_only_new_or_unmapped","n/a","ArrowElbowDownRight"
"","braille","figma_only_new_or_unmapped","n/a","Braille"
"","caret-double-right","figma_only_new_or_unmapped","n/a","CaretDoubleRight"
"","file-arrow-down","figma_only_new_or_unmapped","n/a","FileArrowDown"
"","funnel","figma_only_new_or_unmapped","n/a","Funnel"
"","moon","figma_only_new_or_unmapped","n/a","Moon"
"","pencil-simple","figma_only_new_or_unmapped","n/a","PencilSimple"
"","prohibit","figma_only_new_or_unmapped","n/a","Prohibit"
"","receipt","figma_only_new_or_unmapped","n/a","Receipt"
"","signout","figma_only_new_or_unmapped","n/a","Signout"
"","smiley","figma_only_new_or_unmapped","n/a","Smiley"
"","sun","figma_only_new_or_unmapped","n/a","Sun"
"","translate","figma_only_new_or_unmapped","n/a","Translate"
